{
  "title": "SK's Wholesale",
  "navLinks": [{
    "navTitle": "Home"
  },{
    "navTitle": "Product"
  },{
    "navTitle": "Branding"
  }],
  "banner": {
    "title": "Sunilkumar Kantilal Grain Merchant",
    "subTitle": "SK`s Wholesale",
    "location": "ICHALKARANJI"
  },
  "aboutUs": {
    "title" : "Welcome to SK's Wholesale",
    "content" : [{
      "msg": "With the dream of providing quality grains supply, the late Mr. Kantilal Bora started his journey in wholesale business 50 years ago."
    },{
      "msg": "His guidance & vision helps Mr. Sunilkumar Bora, lead our company to the top of its segment. We are proudly reaching new heights everyday with the trust & support of our beloved clients and well wishers."
    },{
      "msg": "We have recently inaugurated our company at Two more locations in last two years."
    }],
    "specialContent": [{
      "title": "Vision",
      "msg": [
        {"msg":"We aim to provide the highest quality, adulteration free grains at reasonable prices and to achieve & maintain the top most position in wholesale market."}
      ]
    },{
      "title": "Mission",
      "msg": [
        {"msg":"To build the trust & security within our customers & society with supply of quality grains to keep our brand respected in market."}
      ]
    },{
      "title": "Our work culture",
      "msg": [
        {"msg":"Isn’t it great to check out the quality of the grain, you are going to buy? That’s why we have a wide range of samples available for our customers. Customers can choose the grains from the samples they require and the same is available in the packaging starting from 10 KG to 50 KG."},
        {"msg":"We are concerned with the quality, shipping, processing, and storage of the grains and we store our products in a clean & hygienic places."},
        {"msg":"We proudly offer direct sales of packaged and bulk grains. With decades of experience in sourcing only the finest grains, you can be assured that every ingredient is having the highest quality."},
        {"msg":"Customer satisfaction is our motto & we keep it intact in all circumstances, if the delivered product is damaged then, we make sure to replace it within a certain period of time."}
      ]
    }]
  },
  "products" : [{
      "title" : "rice",
      "img" : "rice",
      "msgOnThumbnail" : "The packaging of Rice is availabe in 10KG, 20KG, 25KG and 30KG.",
      "productDetails" : [{
        "msg": "The packaging of Rice is availabe in 10KG, 20KG, 25KG and 30KG."
      }],
      "productBrands": [{
          "brandName":"Basmati",
          "brandtypes": [{
            "brandtype": "Steam",
            "details": [{
                "msg": "We have Silver type in Basmati Steam brand. We have different variations in it like Silver Pearl, Silver Star, Silver Gold, Silver Regular, Silver Platinum with 10 KG packing variety."
              },{
                "msg": "We have Rizwan type in Basmati Steam brand. We have different variations in it like Rizwan Delight, Rizwan Everyday, Rizwan Mini Mogra, Rizwan Regular with 10 KG packing variety."
              },{
                "msg": "We have Ruchi Bhog type in Basmati Steam brand. We have different variations in it like Ruchi Bhog Best, Ruchi Bhog Dubar, Ruchi Bhog Gold Biryani, Ruchi Bhog Hyderabadi, Ruchi Bhog Mughlai, Ruchi Bhog Super Mogra, Ruchi Bhog Tini with 10 KG packing variety."
              },{
                "msg": "We have Shahabzada type in Basmati Steam brand. We have different variations in it like Shahabzada Super Mogra, Shahabzada Mini Dubar, Shahabzada Premium, Shahabzada Dubar, Shahabzada Special with 10 KG packing variety."
              },{
                "msg": "We have Al Abrar type in Basmati Steam brand. We have Al Abrar Tini variations in itin 10 KG packing"
              },{
                "msg": "Likewise we have different types in Basmati Steam brand as Grand India in 20 KG Packing, Khushiyon Ke Pal in 20 KG Packing, Swagat Super in 20 KG Packing,00aarif 40 KG Packing, Badhai Basmati in 25 KG Packing"
            }]
          },{
            "brandtype": "Non Steam",
            "details": [{
                "msg": "We have Silver type in Basmati Steam brand. We have different variations in it like Silver Pearl, Silver Star, Silver Gold, Silver Regular, Silver Platinum with 10 KG packing variety."
              },{
                "msg": "We have Rizwan type in Basmati Steam brand. We have different variations in it like Rizwan Delight, Rizwan Everyday, Rizwan Mini Mogra, Rizwan Regular with 10 KG packing variety."
              },{
                "msg": "We have Ruchi Bhog type in Basmati Steam brand. We have different variations in it like Ruchi Bhog Best, Ruchi Bhog Dubar, Ruchi Bhog Gold Biryani, Ruchi Bhog Hyderabadi, Ruchi Bhog Mughlai, Ruchi Bhog Super Mogra, Ruchi Bhog Tini with 10 KG packing variety."
              },{
                "msg": "We have Shahabzada type in Basmati Steam brand. We have different variations in it like Shahabzada Super Mogra, Shahabzada Mini Dubar, Shahabzada Premium, Shahabzada Dubar, Shahabzada Special with 10 KG packing variety."
              },{
                "msg": "We have Al Abrar type in Basmati Steam brand. We have Al Abrar Tini variations in itin 10 KG packing"
              },{
                "msg": "Likewise we have different types in Basmati Steam brand as Grand India in 20 KG Packing, Khushiyon Ke Pal in 20 KG Packing, Swagat Super in 20 KG Packing,00aarif 40 KG Packing, Badhai Basmati in 25 KG Packing"
            }]
          }]
        }]
    },{
      "title" : "Jwari",
      "img" : "jwari",
      "msgOnThumbnail" : "The packaging of Jwari is availabe in 30KG and 50KG.",
      "productDetails" : [{
        "msg": "The packaging of Jwari is availabe in 30KG and 50KG."
      }]
    },{
      "title" : "wheat",
      "img" : "wheat",
      "msgOnThumbnail" : "The packaging of Wheat is available in 30KG.",
      "productDetails" : [{
        "msg": "The packaging of Wheat is available in 30KG."
      }]
    },{
      "title" : "chana dal",
      "img" : "chana-dal",
      "msgOnThumbnail" : "The packaging of Chana Dal is availabe in 25KG, 30KG and 50KG.",
      "productDetails" : [{
        "msg": "The packaging of Chana Dal is availabe in 25KG, 30KG and 50KG."
      }]
    },{
      "title" : "masoor dal",
      "img" : "masoor-dal",
      "msgOnThumbnail" : "The packaging of Masur Daal is availabe in 30KG",
      "productDetails" : [{
        "msg": "The packaging of Masur Daal is availabe in 30KG"
      }]
    },{
      "title" : "moog dal",
      "img" : "moog-dal",
      "msgOnThumbnail" : "The packaging of Moong Dal is availabe in 30KG",
      "productDetails" : [{
        "msg": "The packaging of Moong Dal is availabe in 30KG"
      }]
    },{
      "title" : "poha",
      "img" : "poha",
      "msgOnThumbnail" : "The packaging of Poha is available in 25KG and 30KG",
      "productDetails" : [{
        "msg": "The packaging of Poha is available in 25KG and 30KG"
      }]
    },{
      "title" : "toor dal",
      "img" : "toor-dal",
      "msgOnThumbnail" : "The packaging of Toor Dal is availabe in 30KG",
      "productDetails" : [{
        "msg": "The packaging of Toor Dal is availabe in 30KG"
      }]
    },{
      "title" : "Wheat Atta",
      "img" : "wheat-atta",
      "msgOnThumbnail" : "The packaging of Wheat Atta is availabe in 30KG (5KG * 6 & 10KG * 3)",
      "productDetails" : [{
        "msg": "The packaging of Wheat Atta is availabe in 30KG (5KG * 6 & 10KG * 3)"
      }]
    },{
      "title" : "bajri",
      "img" : "bajri",
      "msgOnThumbnail" : "The packaging of Bajari is availabe in 50KG and 30KG.",
      "productDetails" : [{
        "msg": "The packaging of Bajari is availabe in 50KG and 30KG."
      }]
    }
  ],
  "team" : [{
    "imgPath": "",
    "title": "Mr. Sunilkumar Bora",
    "details": "With 30 years of work experience he is continuously working towards the innovation & quality improvement of our products"
  },{
    "imgPath": "",
    "title": "Mr. Yash Bora",
    "details": "Graduated from MIT, Pune, with Masters degree of Business Administration. He is working hard towards the business expansion of SK's Wholesale."
  }],
  "contactUs": {
    "officeAddres": "5/237, Dhanya Lane, Near Federal Bank, Opp PNG Jewellers, Ichalkaranji – 416115",
    "telephoneNumber": "0230 – 2423381",
    "phoneNumber": "0230 – 2423381",
    "Email Address": "skswholesale@gmail.com",
    "map": "contactMap.jpg",
    "mapPath": "https://goo.gl/maps/8hRkR9aBvNjtUXvz7"
  },
  "branding": [{
    "title": "Rice",
    "toggleClass": false,
    "subItem": [{
      "title": "Basmati",
      "toggleClass": false,
      "subItem": [{
        "title": "Steam",
        "toggleClass": false,
        "subItem": [{
          "title": "Silver ( Packing :  10 Kg )",
          "toggleClass": false,
          "subItem": [{
            "title": "Silver Pearl"
          },{
            "title": "Silver Star"
          },{
            "title": "Silver Gold"
          },{
            "title": "Silver Regular"
          },{
            "title": "Silver Platinum"
          }]
        },{
          "title": "Rizwan ( Packing :  10 Kg )",
          "toggleClass": false,
          "subItem": [{
            "title": "Rizwan Delight"
          },{
            "title": "Rizwan Everyday"
          },{
            "title": "Rizwan Mini Mogra"
          },{
            "title": "Rizwan Regular"
          }]
        },{
          "title": "Ruchi Bhog ( Packing :  10 Kg )",
          "toggleClass": false,
          "subItem": [{
            "title": "Ruchi Bhog Best"
          },{
            "title": "Ruchi Bhog Dubar"
          },{
            "title": "Ruchi Bhog Gold Biryani"
          },{
            "title": "Ruchi Bhog Hyderabadi"
          },{
            "title": "Ruchi Bhog Mughlai"
          },{
            "title": "Ruchi Bhog Super Mogra"
          },{
            "title": "Ruchi Bhog Tini"
          }]
        },{
          "title": "Shahabzada ( Packing :  10 Kg )",
          "toggleClass": false,
          "subItem": [{
            "title": "Shahabzada Super Mogra"
          },{
            "title": "Shahabzada Mini Dubar"
          },{
            "title": "Shahabzada Premium"
          },{
            "title": "Shahabzada Dubar"
          },{
            "title": "Shahabzada Special"
          }]
        },{
          "title": "Al Abrar ( Packing :  10 Kg )",
          "toggleClass": false,
          "subItem": [{
            "title": "Al Abrar Tini"
          }]
        },{
          "title": "Grand India ( Packing :  20 Kg )"
        },{
          "title": "Khushiyon Ke Pal ( Packing :  20 Kg )"
        },{
          "title": "Swagat Super ( Packing :  20 Kg )"
        },{
          "title": "Taarif ( Packing : 40 Kg )"
        },{
          "title": "Badhai Basmati ( Packing :  25 Kg )"
        }]
      },{
        "title": "Non Steam",
        "toggleClass": false,
        "subItem": [{
          "title": "Daawat ( Old & New ) ( Packing :  10 Kg )",
          "toggleClass": false,
          "note": "Note - Old : Plastic Bag, New : Cloth Bag",
          "subItem": [{
            "title": "Daawat 40 Carat"
          },{
            "title": "Daawat 50 Carat"
          },{
            "title": "Daawat 60 Carat"
          },{
            "title": "Daawat 70 Carat"
          },{
            "title": "Daawat 90 Carat"
          },{
            "title": "Daawat Super Box"
          }]
        },{
          "title": "Chamak ( Packing :  10 Kg )",
          "toggleClass": false,
          "subItem": [{
            "title": "Chamak 25 Carat"
          },{
            "title": "Chamak 40 Carat"
          },{
            "title": "Chamak 50 Carat"
          },{
            "title": "Chamak 75 Carat"
          }]
        },{
          "title": "Keshav ( Packing :  10 Kg )",
          "toggleClass": false,
          "subItem": [{
            "title": "Keshav 40 Carat"
          },{
            "title": "Keshav 60 Carat"
          },{
            "title": "Keshav 70 Carat"
          },{
            "title": "Keshav 80 Carat"
          }]
        },{
          "title": "Boat ( Packing :  10 Kg )",
          "toggleClass": false,
          "subItem": [{
            "title": "Boat Daily"
          },{
            "title": "Boat Economy"
          },{
            "title": "Boat Everyday"
          },{
            "title": "Boat lite"
          },{
            "title": "Boat Supreme"
          }]
        },{
          "title": "Red Rose ( Packing :  10 Kg )",
          "toggleClass": false,
          "subItem": [{
            "title": "Red Rose Delight"
          },{
            "title": "Red Rose Dubar"
          },{
            "title": "Red Rose Grade No.3"
          },{
            "title": "Red Rose Mogra"
          },{
            "title": "Red Rose Royal"
          },{
            "title": "Red Rose Rozana"
          }]
        },{
          "title": "Hatti ( Packing :  10 Kg )",
          "toggleClass": false,
          "subItem": [{
            "title": "Hatti Mini Dubar"
          },{
            "title": "Hatti Mogra"
          },{
            "title": "Hatti Broken"
          }]
        },{
          "title": "Masala Bhat ( Mini Mogra ) ( Packing :  10 Kg )"
        }]
      }]
    },{
      "title": "Steam",
      "toggleClass": false,
      "subItem": [{
        "title": "Akkha ( Packing :  25 Kg )",
        "toggleClass": false,
        "subItem": [{
          "title": "Maharaja Steam"
        },{
          "title": "Namokar Steam"
        },{
          "title": "Gemine Gold Old"
        },{
          "title": "Gemine Lamination"
        },{
          "title": "Pruthviraj Steam"
        },{
          "title": "Star Hirva ( Sona Masoori )"
        },{
          "title": "Star Neela ( Sona Masoori )"
        },{
          "title": "Star Jeera"
        },{
          "title": "Mubarak Steam"
        },{
          "title": "Bawarchi Steam"
        },{
          "title": "7 Star"
        },{
          "title": "Rajmoti Steam"
        },{
          "title": "5 Star Steam"
        },{
          "title": "5 Steam"
        },{
          "title": "Orange Steam"
        }]
      },{
        "title": "Tukda ( Kani ) ( Packing :  25 Kg )",
        "toggleClass": false,
        "subItem": [{
          "title": "Murlidhar Kani"
        },{
          "title": "Rani Kani"
        },{
          "title": "SS Gold Kani"
        },{
          "title": "Kalbhairav Steam Kani"
        },{
          "title": "Half Steam Kani"
        },{
          "title": "Trupti Steam Kani"
        }]
      }]
    },{
      "title": "Non Steam",
      "toggleClass": false,
      "subItem": [{
        "title": "Neela Kamal ( Packing :  25 Kg )"
      },{
        "title": "Bhagwa Kamal ( Packing :  25 Kg )"
      },{
        "title": "Blackberry ( Packing :  25 Kg )"
      },{
        "title": "Bajaj Sona ( Packing :  25 Kg )"
      },{
        "title": "Saarthi ( Packing :  25 Kg )"
      },{
        "title": "Bajaj Silver ( Packing :  25 Kg )"
      },{
        "title": "Kali Mooch ( Packing : 30 Kg )"
      },{
        "title": "Cherry ( Packing : 30 Kg )"
      },{
        "title": "7 Star ( Packing :  30 Kg )"
      }]
    },{
      "title": "Karjat",
      "toggleClass": false,
      "subItem": [{
        "title": "Kissan Karjat( Packing : 25 Kg )"
      },{
        "title": "Haran Karjat( Packing :  25Kg )"
      }]
    },{
      "title": "Kolam Rice",
      "toggleClass": false,
      "subItem": [{
        "title": "Steam Kolam",
        "toggleClass": false,
        "subItem": [{
          "title": "Chand Tara( Packing : 25 Kg )"
        },{
          "title": "Qurbani( Packing : 25 Kg )"
        },{
          "title": "Kubera( Packing : 25 Kg )"
        },{
          "title": "KB( Packing : 25 Kg )"
        },{
          "title": "Ulta Chashma( Packing : 25 Kg )"
        },{
          "title": "Mother( Packing : 25 Kg )"
        },{
          "title": "Bullet( Packing : 25 Kg )"
        },{
          "title": "JSR ( Jai Shree Ram )( Packing : 25 Kg )"
        },{
          "title": "Daawat ( Packing : 25 Kg )"
        },{
          "title": "Singham( Packing : 25 Kg )"
        },{
          "title": "Supreme( Packing : 25 Kg )"
        },{
          "title": "Bhivate( Packing : 25 Kg )"
        },{
          "title": "Sultan( Packing : 25 Kg )"
        },{
          "title": "Joker( Packing : 25 Kg )"
        },{
          "title": "Siddhi( Packing : 25 Kg )"
        },{
          "title": "555 ( Packing : 25 Kg )"
        }]
      },{
        "title": "Non Steam Kolam",
        "toggleClass": false,
        "subItem": [{
          "title": "Akkha",
          "toggleClass": false,
          "subItem": [{
            "title": "Shreeram Kolam ( Old & New )( Packing : 30 Kg )"
          },{
            "title": "Royal Chetak Kolam( Packing : 10 Kg )"
          },{
            "title": "Shahi Chetak Kolam( Packing : 25 Kg )"
          },{
            "title": "Aishwarya Kolam ( Old & New )( Packing : 25 Kg )"
          },{
            "title": "Chetak Kolam ( Old & New )( Packing : 25 Kg )"
          }]
        },{
          "title": "Tukda",
          "toggleClass": false,
          "subItem": [{
            "title": "Cherry Tukda( Packing : 30 Kg )"
          },{
            "title": "Barkath( Packing : 25 Kg )"
          },{
            "title": "Bullet ( Packing : 25 Kg )"
          },{
            "title": "Chetak Kolam Tukda( Packing : 25 Kg )"
          }]
        }]
      }]
    },{
      "title": "Parboiled Rice ( Ukda )",
      "toggleClass": false,
      "subItem": [{
        "title": "Deepam( Packing : 25 Kg )"
      }]
    },{
      "title": "Pana Rice",
      "toggleClass": false,
      "subItem": [{
        "title": "Apple Pana ( Packing : 25 Kg )"
      },{
        "title": "Diamond Pana( Packing : 25 Kg )"
      },{
        "title": "Bawarchi Pana(  Packing : 25 Kg )"
      },{
        "title": "Maharaja Pana( Packing : 25 Kg )"
      },{
        "title": "Star Pana( Packing : 25 Kg )"
      },{
        "title": "Mayur Pana( Packing : 25 Kg )"
      },{
        "title": "Ooty Pana( Packing : 25 Kg )"
      },{
        "title": "Bawarchi Indrayani Pana( Packing : 25 Kg )"
      }]
    },{
      "title": "Indrayani Rice",
      "toggleClass": false,
      "subItem": [{
        "title": "Akkha",
        "toggleClass": false,
        "subItem": [{
          "title": "Ajara Indrayani( Packing : 25 Kg )"
        },{
          "title": "Bhivate Indrayani( Packing : 25 Kg )"
        },{
          "title": "Om Indrayani( Packing : 30 Kg )"
        },{
          "title": "Hero Indrayani( Packing : 25 Kg )"
        },{
          "title": "Sarvoday Indrayani( Packing : 25 Kg )"
        },{
          "title": "RC Indrayani( Packing : 30 Kg )"
        },{
          "title": "Shetkari Indrayani( Packing : 25 Kg )"
        }]
      },{
        "title": "Tukda ( Kani )",
        "toggleClass": false,
        "subItem": [{
          "title": "Ajara Indrayani Kani( Packing : 25 Kg )"
        },{
          "title": "Bhivate Indrayani Kani( Packing : 25 Kg )"
        },{
          "title": "Rajhans Indrayani Kani( Packing : 25 Kg )"
        },{
          "title": "Lotus Indrayani Kani( Packing : 30 Kg )"
        }]
      }]
    },{
      "title": "Ambemore Rice",
      "toggleClass": false,
      "subItem": [{
        "title": "Akhand",
        "toggleClass": false,
        "subItem": [{
          "title": "Gopal Ambemore( Packing : 25 Kg & 10 Kg )"
        },{
          "title": "Mast Mogra Ambemore( Packing : 25 Kg & 10 Kg )"
        },{
          "title": "Bal Gopal Ambemore( Packing : 25 Kg )"
        }]
      },{
        "title": "Tukda",
        "toggleClass": false,
        "subItem": [{
          "title": "Ambemore Kani"
        }]
      }]
    },{
      "title": "Ghansal( Packing : 25 Kg )"
    },{
      "title": "Masoori",
      "toggleClass": false,
      "subItem": [{
        "title": "Swastik Masoori( Packing : 25 Kg )"
      },{
        "title": "Bawarchi Masoori( Packing : 25 Kg )"
      },{
        "title": "Red Chilly Masoori( Packing : 25 Kg )"
      },{
        "title": "Mango Masoori( Packing : 25 Kg )"
      },{
        "title": "Hatti Masoori( Packing : 25 Kg )"
      }]
    }]
  },{
    "title": "Wheat(Packing: 30 Kilo)",
    "toggleClass": false,
    "subItem": [{
      "title": "Bansi",
      "toggleClass": false,
      "subItem": [{
        "title": "Alishan"
      },{
        "title": "Sun"
      },{
        "title": "Rajbhog"
      },{
        "title": "NamoNamo"
      },{
        "title": "Sixer"
      },{
        "title": "King"
      },{
        "title": "No.1"
      },{
        "title": "Charlie"
      },{
        "title": "Nice"
      },{
        "title": "Amul"
      },{
        "title": "Olympic"
      },{
        "title": "Olympic Bhari"
      },{
        "title": "Blackberry"
      },{
        "title": "Radhika"
      },{
        "title": "Chakra"
      },{
        "title": "Smart Choice"
      },{
        "title": "Mahalaxmi"
      },{
        "title": "Kohinoor"
      },{
        "title": "Swarna Mayur"
      },{
        "title": "Charlie Champion"
      },{
        "title": "Bullet"
      },{
        "title": "Yuvraj"
      },{
        "title": "DilKaRishta"
      },{
        "title": "Moraya"
      },{
        "title": "Ratnadeep"
      },{
        "title": "Kesar"
      },{
        "title": "24 Carat"
      },{
        "title": "Ganesh"
      },{
        "title": "Rajat Gold"
      },{
        "title": "Gulal"
      },{
        "title": "Blue Star"
      },{
        "title": "Bahubali"
      },{
        "title": "Surabhi Gold"
      },{
        "title": "Virat"
      },{
        "title": "KhushbuKhajana"
      },{
        "title": "Kitchen Delight"
      },{
        "title": "Cooking Delight"
      },{
        "title": "Siya Gold"
      },{
        "title": "SS"
      },{
        "title": "IPL"
      },{
        "title": "Fruti"
      },{
        "title": "Nakshtra"
      }]
    },{
      "title": "Sihori",
      "toggleClass": false,
      "subItem": [{
        "title": "Patrani"
      },{
        "title": "Jaora Champion"
      },{
        "title": "Titan"
      },{
        "title": "Rajat Diamond"
      },{
        "title": "Akhand Diya"
      }]
    }]
  },{
    "title": "Bajari",
    "toggleClass": false,
    "subItem": [{
      "title": "High Choice ( Packing : 30 Kg ) ( Gujarat )"
    },{
      "title": "Non Brand ( Packing : 50 Kg ) ( Karnataka )"
    }]
  },{
    "title": "Jwari",
    "toggleClass": false,
    "subItem": [{
      "title": "Shalu",
      "toggleClass": false,
      "subItem": [{
        "title": "RT ( Packing : 50 Kg )"
      },{
        "title": "Tulsi ( Packing : 30 Kg & 50 Kg )"
      },{
        "title": "Five Star ( Packing : 30 Kg )"
      },{
        "title": "Moti Gold ( Packing : 30 Kg )"
      },{
        "title": "Champion ( Packing : 30 Kg )"
      },{
        "title": "Chavi ( Packing : 30 Kg )"
      },{
        "title": "Gruhlaxmi ( Packing : 30 Kg )"
      },{
        "title": "Mahalaxmi ( Packing : 30 Kg )"
      },{
        "title": "Gulab ( Packing : 30 Kg )"
      },{
        "title": "Manikmoti ( Packing : 30 Kg )"
      },{
        "title": "Green Ganesh ( Packing : 30 Kg )"
      },{
        "title": "Siddhi Ganesh ( Packing : 30 Kg )"
      },{
        "title": "Kesar Pista ( Packing : 30 Kg )"
      },{
        "title": "A One ( Packing : 30 Kg )"
      },{
        "title": "Blue Bird ( Packing : 30 Kg )"
      },{
        "title": "Dhanlaxmi ( Packing : 30 Kg )"
      },{
        "title": "And many other non-branded shalu available in 30 Kg & 50 Kg"
      }]
    },{
      "title": "Hybrid / Vasant / Namdyal",
      "toggleClass": false,
      "subItem": [{
        "title": "Om Nandyal ( Packing : 50 Kg )"
      },{
        "title": "Dairy Milk ( Packing : 25 Kg )"
      },{
        "title": "Maharaja ( Packing : 25 Kg )"
      },{
        "title": "Bullet ( Packing : 50 Kg )"
      },{
        "title": "Deepak ( Packing : 30 Kg )"
      },{
        "title": "Kamal ( Packing : 30 Kg )"
      },{
        "title": "Three Mango ( Packing : 50 Kg )"
      },{
        "title": "Annapurna ( Packing : 50 Kg )"
      },{
        "title": "Green Apple  ( Packing : 30 Kg )"
      },{
        "title": "Diamond ( Packing : 50 Kg )"
      },{
        "title": "Kisan( Packing : 50 Kg )"
      },{
        "title": "Kohinoor ( Packing : 30 Kg )"
      },{
        "title": "Mango ( Packing : 50 Kg )"
      },{
        "title": "Kalash ( Packing : 50 Kg )"
      },{
        "title": "And many other non-branded varieties available in 30 Kg & 50 Kg"
      }]
    }]
  },{
    "title": "Chanadal",
    "toggleClass": false,
    "subItem": [{
      "title": "Pistol (Packing: 30 Kg)"
    },{
      "title": "Kitchen Partner (Packing: 30 Kg)"
    },{
      "title": "ETC ( Packing : 30 Kg )"
    },{
      "title": "Apple ( Packing : 30  Kg )"
    },{
      "title": "3 Star ( Packing :  30 Kg )"
    },{
      "title": "Angel  ( Packing : 25 Kg )"
    },{
      "title": "Classic ( Packing :  30 Kg )"
    },{
      "title": "Badshah ( Packing :  30 Kg )"
    },{
      "title": "JM ( Packing :  50 Kg )"
    },{
      "title": "Saylee ( Packing : 30 Kg )"
    },{
      "title": "White Lotus ( Packing :  30 Kg )"
    },{
      "title": "H 2 O ( Packing :  30 Kg )"
    },{
      "title": "Dal Parivar ( Packing : 30  Kg )"
    },{
      "title": "Swad ( Packing :  30 Kg )"
    },{
      "title": "Bhushan Gold ( Packing :  30 Kg )"
    }]
  },{
    "title": "Mugdal",
    "toggleClass": false,
    "subItem": [{
      "title": "Rajasthan No.1"
    },{
      "title": "Swadishta"
    },{
      "title": "Almond"
    },{
      "title": "Lemon"
    },{
      "title": "Arawali"
    },{
      "title": "Natural Green"
    },{
      "title": "Gold Crown"
    },{
      "title": "RC"
    }]
  },{
    "title": "Turdal( Packing : 30 Kg )",
    "toggleClass": false,
    "subItem": [{
      "title": "Surabhi"
    },{
      "title": "Moti Gold"
    },{
      "title": "Star Gold"
    },{
      "title": "Dolphin"
    },{
      "title": "Good Morning"
    },{
      "title": "Everyday"
    },{
      "title": "Tractor"
    },{
      "title": "Orange"
    }]
  },{
    "title": "Poha (Packing: 30 Kg)",
    "toggleClass": false,
    "subItem": [{
      "title": "RT"
    },{
      "title": "Ship"
    },{
      "title": "Crown"
    },{
      "title": "Bindass"
    },{
      "title": "Tajmahal"
    },{
      "title": "Kakaji"
    },{
      "title": "BMW"
    },{
      "title": "Kalash"
    },{
      "title": "DI"
    },{
      "title": "SafedGulab"
    },{
      "title": "Gitanjali"
    },{
      "title": "Surya"
    },{
      "title": "Krishna Gold"
    }]
  },{
    "title": "Wheat Atta ( Packing : 30 Kg )",
    "toggleClass": false,
    "subItem": [{
      "title": "Ruchi ( Packing : 10 Kg*3 & 5 Kg*6 )"
    },{
      "title": "Jagruti( Packing : 10 Kg*3 & 5 Kg*6 )"
    },{
      "title": "Bigul( Packing : 10 Kg*3 & 5 Kg*6 )"
    },{
      "title": "SS ( Packing : 10 Kg*3 & 5 Kg*6 )"
    },{
      "title": "Swastik( Packing : 10 Kg*3 & 5 Kg*6 )"
    },{
      "title": "Indore Gold ( Packing : 10 Kg*3 )"
    },{
      "title": "MP No.1 ( Packing : 5Kg*6 )"
    },{
      "title": "Maharaja ( packing : 10 Kg*3 & 5 Kg*6 )"
    }]
  }],
  "foooter": "Yogesh Krishna Jadhav"
}
