{
  "title": "SK's Wholesale",
  "navLinks": [{
    "navTitle": "Home"
  },{
    "navTitle": "Product"
  }],
  "banner": {
    "title": "Sunilkumar Kantilal Grain Merchant",
    "subTitle": "SK`s Wholesale",
    "location": "ICHALKARANJI"
  },
  "aboutUs": {
    "title" : "Welcome to SK's Wholesale",
    "content" : [{
      "msg": "With the dream of providing quality grains supply, the late Mr. Kantilal Bora started his journey in wholesale business 50 years ago."
    },{
      "msg": "His guidance & vision helps Mr. Sunilkumar Bora, lead our company to the top of its segment. We are proudly reaching new heights everyday with the trust & support of our beloved clients and well wishers."
    },{
      "msg": "We have recently inaugurated our company at Two more locations in last two years."
    }],
    "specialContent": [{
      "title": "Vision",
      "msg": [
        {"msg":"We aim to provide the highest quality, adulteration free grains at reasonable prices and to achieve & maintain the top most position in wholesale market."}
      ]
    },{
      "title": "Mission",
      "msg": [
        {"msg":"To build the trust & security within our customers & society with supply of quality grains to keep our brand respected in market."}
      ]
    },{
      "title": "Our work culture",
      "msg": [
        {"msg":"Isn’t it great to check out the quality of the grain, you are going to buy? That’s why we have a wide range of samples available for our customers. Customers can choose the grains from the samples they require and the same is available in the packaging starting from 10 KG to 50 KG."},
        {"msg":"We are concerned with the quality, shipping, processing, and storage of the grains and we store our products in a clean & hygienic places."},
        {"msg":"We proudly offer direct sales of packaged and bulk grains. With decades of experience in sourcing only the finest grains, you can be assured that every ingredient is having the highest quality."},
        {"msg":"Customer satisfaction is our motto & we keep it intact in all circumstances, if the delivered product is damaged then, we make sure to replace it within a certain period of time."}
      ]
    }]
  },
  "products" : [{
      "title" : "rice",
      "img" : "rice",
      "msgOnThumbnail" : "The packaging of Rice is availabe in 10KG, 20KG, 25KG and 30KG.",
      "productDetails" : [{
        "msg": "The packaging of Rice is availabe in 10KG, 20KG, 25KG and 30KG."
      }],
      "productBrands": [{
          "brandName":"Basmati",
          "brandtypes": [{
            "brandtype": "Steam",
            "details": [{
                "msg": "We have Silver type in Basmati Steam brand. We have different variations in it like Silver Pearl, Silver Star, Silver Gold, Silver Regular, Silver Platinum with 10 KG packing variety."
              },{
                "msg": "We have Rizwan type in Basmati Steam brand. We have different variations in it like Rizwan Delight, Rizwan Everyday, Rizwan Mini Mogra, Rizwan Regular with 10 KG packing variety."
              },{
                "msg": "We have Ruchi Bhog type in Basmati Steam brand. We have different variations in it like Ruchi Bhog Best, Ruchi Bhog Dubar, Ruchi Bhog Gold Biryani, Ruchi Bhog Hyderabadi, Ruchi Bhog Mughlai, Ruchi Bhog Super Mogra, Ruchi Bhog Tini with 10 KG packing variety."
              },{
                "msg": "We have Shahabzada type in Basmati Steam brand. We have different variations in it like Shahabzada Super Mogra, Shahabzada Mini Dubar, Shahabzada Premium, Shahabzada Dubar, Shahabzada Special with 10 KG packing variety."
              },{
                "msg": "We have Al Abrar type in Basmati Steam brand. We have Al Abrar Tini variations in itin 10 KG packing"
              },{
                "msg": "Likewise we have different types in Basmati Steam brand as Grand India in 20 KG Packing, Khushiyon Ke Pal in 20 KG Packing, Swagat Super in 20 KG Packing,00aarif 40 KG Packing, Badhai Basmati in 25 KG Packing"
            }]
          },{
            "brandtype": "Non Steam",
            "details": [{
                "msg": "We have Silver type in Basmati Steam brand. We have different variations in it like Silver Pearl, Silver Star, Silver Gold, Silver Regular, Silver Platinum with 10 KG packing variety."
              },{
                "msg": "We have Rizwan type in Basmati Steam brand. We have different variations in it like Rizwan Delight, Rizwan Everyday, Rizwan Mini Mogra, Rizwan Regular with 10 KG packing variety."
              },{
                "msg": "We have Ruchi Bhog type in Basmati Steam brand. We have different variations in it like Ruchi Bhog Best, Ruchi Bhog Dubar, Ruchi Bhog Gold Biryani, Ruchi Bhog Hyderabadi, Ruchi Bhog Mughlai, Ruchi Bhog Super Mogra, Ruchi Bhog Tini with 10 KG packing variety."
              },{
                "msg": "We have Shahabzada type in Basmati Steam brand. We have different variations in it like Shahabzada Super Mogra, Shahabzada Mini Dubar, Shahabzada Premium, Shahabzada Dubar, Shahabzada Special with 10 KG packing variety."
              },{
                "msg": "We have Al Abrar type in Basmati Steam brand. We have Al Abrar Tini variations in itin 10 KG packing"
              },{
                "msg": "Likewise we have different types in Basmati Steam brand as Grand India in 20 KG Packing, Khushiyon Ke Pal in 20 KG Packing, Swagat Super in 20 KG Packing,00aarif 40 KG Packing, Badhai Basmati in 25 KG Packing"
            }]
          }]
        }]
    },{
      "title" : "bajri",
      "img" : "bajri",
      "msgOnThumbnail" : "The packaging of Bajari is availabe in 50KG and 80KG.",
      "productDetails" : [{
        "msg": "The packaging of Bajari is availabe in 50KG and 80KG."
      }]
    },{
      "title" : "wheat",
      "img" : "wheat",
      "msgOnThumbnail" : "The packaging of Wheat is available in 30KG.",
      "productDetails" : [{
        "msg": "The packaging of Wheat is available in 30KG."
      }]
    },{
      "title" : "chana dal",
      "img" : "chana-dal",
      "msgOnThumbnail" : "The packaging of Chana Dal is availabe in 25KG, 30KG and 50KG.",
      "productDetails" : [{
        "msg": "The packaging of Chana Dal is availabe in 25KG, 30KG and 50KG."
      }]
    },{
      "title" : "Jwari",
      "img" : "jwari",
      "msgOnThumbnail" : "The packaging of Jwari is availabe in 30KG and 50KG.",
      "productDetails" : [{
        "msg": "The packaging of Jwari is availabe in 30KG and 50KG."
      }]
    },{
      "title" : "masoor dal",
      "img" : "masoor-dal",
      "msgOnThumbnail" : "The packaging of Masur Daal is availabe in 30KG",
      "productDetails" : [{
        "msg": "The packaging of Masur Daal is availabe in 30KG"
      }]
    },{
      "title" : "moog dal",
      "img" : "moog-dal",
      "msgOnThumbnail" : "The packaging of Moong Dal is availabe in 30KG",
      "productDetails" : [{
        "msg": "The packaging of Moong Dal is availabe in 30KG"
      }]
    },{
      "title" : "poha",
      "img" : "poha",
      "msgOnThumbnail" : "The packaging of Poha is available in 25KG and 30KG",
      "productDetails" : [{
        "msg": "The packaging of Poha is available in 25KG and 30KG"
      }]
    },{
      "title" : "toor dal",
      "img" : "toor-dal",
      "msgOnThumbnail" : "The packaging of Toor Dal is availabe in 30KG",
      "productDetails" : [{
        "msg": "The packaging of Toor Dal is availabe in 30KG"
      }]
    },{
      "title" : "Wheat Atta",
      "img" : "wheat-atta",
      "msgOnThumbnail" : "The packaging of Wheat Atta is availabe in 5KG, 6KG and 10KG",
      "productDetails" : [{
        "msg": "The packaging of Wheat Atta is availabe in 30KG"
      }]
    }
  ],
  "team" : [{
    "imgPath": "",
    "title": "Mr. Sunilkumar Bora",
    "details": "With 30 years of work experience he is continuously working towards the innovation & quality improvement of our products"
  },{
    "imgPath": "",
    "title": "Mr. Yash Bora",
    "details": "Graduated from MIT, Pune, with Masters degree of Business Administration. He is working hard towards the business expansion of SK's Wholesale."
  }],
  "contactUs": {
    "officeAddres": "5/237, Dhanya Lane, Near Federal Bank, Opp PNG Jewellers, Ichalkaranji – 416115",
    "telephoneNumber": "0230 – 2423381",
    "phoneNumber": "0230 – 2423381",
    "Email Address": "skswholesale@gmail.com",
    "map": "contactMap.jpg",
    "mapPath": ""
  },
  "foooter": "Yogesh Krishna Jadhav"
}
