{
  "title": "SK's Wholesale",
  "navLinks": [{
    "navTitle": "Home"
  },{
    "navTitle": "Product"
  },{
    "navTitle": "Item Classification"
  },{
    "navTitle": "Brand"
  }],
  "adminNavLinks": [{
    "navTitle": "Dashboard"
  }],
  "banner": {
    "title": "Sunilkumar Kantilal Grain Merchant",
    "subTitle": "SK's Wholesale",
    "location": "ICHALKARANJI"
  },
  "aboutUs": {
    "title": "Welcome to SK's Wholesale",
    "content": [{
      "msg": "With the dream of providing quality grains supply, the late Mr. Kantilal Bora started his journey in wholesale business 50 years ago."
    },{
      "msg": "His guidance & vision helps Mr. Sunilkumar Bora, lead our company to the top of its segment. We are proudly reaching new heights everyday with the trust & support of our beloved clients and well wishers."
    },{
      "msg": "We have recently inaugurated our company at Two more locations in last two years."
    }],
    "specialContent": [{
      "title": "Vision",
      "msg": [
        {"msg":"We aim to provide the highest quality, adulteration free grains at reasonable prices and to achieve & maintain the top most position in wholesale market."}
      ]
    },{
      "title": "Mission",
      "msg": [
        {"msg":"To build the trust & security within our customers & society with supply of quality grains to keep our brand respected in market."}
      ]
    },{
      "title": "Our work culture",
      "msg": [
        {"msg":"Isn’t it great to check out the quality of the grain, you are going to buy? That’s why we have a wide range of samples available for our customers. Customers can choose the grains from the samples they require and the same is available in packing starting from 10 KG to 50 KG."},
        {"msg":"We are concerned with the quality, shipping, processing, and storage of the grains and we store our products in a clean & hygienic places."},
        {"msg":"We proudly offer direct sales of packaged and bulk grains. With decades of experience in sourcing only the finest grains, you can be assured that every ingredient is having the highest quality."},
        {"msg":"Customer satisfaction is our motto & we keep it intact in all circumstances, if the delivered product is damaged then, we make sure to replace it within a certain period of time."}
      ]
    }]
  },
  "products": [{
      "title": "rice",
      "img": "rice",
      "msgOnThumbnail": "Packing of Rice is availabe in 10KG, 20KG, 25KG and 30KG.",
      "productDetails": [{
        "msg": "Packing of Rice is availabe in 10KG, 20KG, 25KG and 30KG."
      }],
      "productBrands": [{
          "brandName":"Basmati",
          "brandtypes": [{
            "brandtype": "Steam",
            "details": [{
                "msg": "We have Silver type in Basmati Steam brand. We have different variations in it like Silver Pearl, Silver Star, Silver Gold, Silver Regular, Silver Platinum with 10 KG packing variety."
              },{
                "msg": "We have Rizwan type in Basmati Steam brand. We have different variations in it like Rizwan Delight, Rizwan Everyday, Rizwan Mini Mogra, Rizwan Regular with 10 KG packing variety."
              },{
                "msg": "We have Ruchi Bhog type in Basmati Steam brand. We have different variations in it like Ruchi Bhog Best, Ruchi Bhog Dubar, Ruchi Bhog Gold Biryani, Ruchi Bhog Hyderabadi, Ruchi Bhog Mughlai, Ruchi Bhog Super Mogra, Ruchi Bhog Tini with 10 KG packing variety."
              },{
                "msg": "We have Shahabzada type in Basmati Steam brand. We have different variations in it like Shahabzada Super Mogra, Shahabzada Mini Dubar, Shahabzada Premium, Shahabzada Dubar, Shahabzada Special with 10 KG packing variety."
              },{
                "msg": "We have Al Abrar type in Basmati Steam brand. We have Al Abrar Tini variations in itin 10 KG packing"
              },{
                "msg": "Likewise we have different types in Basmati Steam brand as Grand India in 20 KG Packing, Khushiyon Ke Pal in 20 KG Packing, Swagat Super in 20 KG Packing,00aarif 40 KG Packing, Badhai Basmati in 25 KG Packing"
            }]
          },{
            "brandtype": "Non Steam",
            "details": [{
                "msg": "We have Silver type in Basmati Steam brand. We have different variations in it like Silver Pearl, Silver Star, Silver Gold, Silver Regular, Silver Platinum with 10 KG packing variety."
              },{
                "msg": "We have Rizwan type in Basmati Steam brand. We have different variations in it like Rizwan Delight, Rizwan Everyday, Rizwan Mini Mogra, Rizwan Regular with 10 KG packing variety."
              },{
                "msg": "We have Ruchi Bhog type in Basmati Steam brand. We have different variations in it like Ruchi Bhog Best, Ruchi Bhog Dubar, Ruchi Bhog Gold Biryani, Ruchi Bhog Hyderabadi, Ruchi Bhog Mughlai, Ruchi Bhog Super Mogra, Ruchi Bhog Tini with 10 KG packing variety."
              },{
                "msg": "We have Shahabzada type in Basmati Steam brand. We have different variations in it like Shahabzada Super Mogra, Shahabzada Mini Dubar, Shahabzada Premium, Shahabzada Dubar, Shahabzada Special with 10 KG packing variety."
              },{
                "msg": "We have Al Abrar type in Basmati Steam brand. We have Al Abrar Tini variations in itin 10 KG packing"
              },{
                "msg": "Likewise we have different types in Basmati Steam brand as Grand India in 20 KG Packing, Khushiyon Ke Pal in 20 KG Packing, Swagat Super in 20 KG Packing,00aarif 40 KG Packing, Badhai Basmati in 25 KG Packing"
            }]
          }]
        }]
    },{
      "title": "Jwari",
      "img": "jwari",
      "msgOnThumbnail": "Packing of Jwari is availabe in 30KG and 50KG.",
      "productDetails": [{
        "msg": "Packing of Jwari is availabe in 30KG and 50KG."
      }]
    },{
      "title": "wheat",
      "img": "wheat",
      "msgOnThumbnail": "Packing of Wheat is available in 30KG.",
      "productDetails": [{
        "msg": "Packing of Wheat is available in 30KG."
      }]
    },{
      "title": "chana dal",
      "img": "chana-dal",
      "msgOnThumbnail": "Packing of Chana Dal is availabe in 25KG, 30KG and 50KG.",
      "productDetails": [{
        "msg": "Packing of Chana Dal is availabe in 25KG, 30KG and 50KG."
      }]
    },{
      "title": "masoor dal",
      "img": "masoor-dal",
      "msgOnThumbnail": "Packing of Masur Daal is availabe in 30KG",
      "productDetails": [{
        "msg": "Packing of Masur Daal is availabe in 30KG"
      }]
    },{
      "title": "moong dal",
      "img": "moog-dal",
      "msgOnThumbnail": "Packing of Moong Dal is availabe in 30KG",
      "productDetails": [{
        "msg": "Packing of Moong Dal is availabe in 30KG"
      }]
    },{
      "title": "poha",
      "img": "poha",
      "msgOnThumbnail": "Packing of Poha is available in 25KG and 30KG",
      "productDetails": [{
        "msg": "Packing of Poha is available in 25KG and 30KG"
      }]
    },{
      "title": "toor dal",
      "img": "toor-dal",
      "msgOnThumbnail": "Packing of Toor Dal is availabe in 30KG",
      "productDetails": [{
        "msg": "Packing of Toor Dal is availabe in 30KG"
      }]
    },{
      "title": "Wheat Atta",
      "img": "wheat-atta",
      "msgOnThumbnail": "Packing of Wheat Atta is availabe in 30KG  ( 5KG * 6 & 10KG * 3 )",
      "productDetails": [{
        "msg": "Packing of Wheat Atta is availabe in 30KG  ( 5KG * 6 & 10KG * 3 )"
      }]
    },{
      "title": "bajari",
      "img": "bajri",
      "msgOnThumbnail": "Packing of Bajari is availabe in 50KG and 30KG.",
      "productDetails": [{
        "msg": "Packing of Bajari is availabe in 50KG and 30KG."
      }]
    }
  ],
  "team": [{
    "imgPath": "",
    "title": "Mr. Sunilkumar Bora",
    "details": "With 30 years of work experience he is continuously working towards the innovation & quality improvement of our products"
  },{
    "imgPath": "",
    "title": "Mr. Yash Bora",
    "details": "Graduated from MIT, Pune, with Masters degree of Business Administration. He is working hard towards the business expansion of SK's Wholesale."
  }],
  "contactUs": {
    "officeAddres": "5/237, Dhanya Lane, Near Federal Bank, Opp PNG Jewellers, Ichalkaranji – 416115",
    "telephoneNumber": "0230 – 2423381",
    "phoneNumber": "9823014200 / 9823159900",
    "emailAddress": "skswholesale1@gmail.com",
    "map": "contactMap.jpg",
    "mapPath": "https://www.google.com/maps/embed?pb=!1m18!1m12!1m3!1d3821.8701552570574!2d74.46418651486665!3d16.68337978850412!2m3!1f0!2f0!3f0!3m2!1i1024!2i768!4f13.1!3m3!1m2!1s0x0%3A0xd451ff7da1aa0dd8!2sSUNILKUMAR%20KANTILAL%20(%20SK&#39;s%20WHOLESALE%20)!5e0!3m2!1sen!2sin!4v1579942397501!5m2!1sen!2sin"
  },
  "branding": [{
    "title": "Bajari",
    "toggleClass": false,
    "subItem": [{
      "title": "High Choice ( Gujarat ) ( Packing : 30KG )"
    },{
      "title": "Non Brand ( Karnataka ) ( Packing : 50KG )"
    }]
  },{
    "title": "Chanadal",
    "packing": "30 Kg",
    "toggleClass": false,
    "subItem": [{
      "title": "Apple"
    },{
      "title": "Angel ( Packing : 25KG )"
    },{
      "title": "Badshah"
    },{
      "title": "Bhushan Gold"
    },{
      "title": "Classic"
    },{
      "title": "Dal Parivar"
    },{
      "title": "ETC"
    },{
      "title": "H 2 O"
    },{
      "title": "JM ( Packing : 50KG )"
    },{
      "title": "Kitchen Partner"
    },{
      "title": "Pistol"
    },{
      "title": "Saylee "
    },{
      "title": "Swad"
    },{
      "title": "White Lotus"
    },{
      "title": "3 Star"
    }]
  },{
    "title": "Jwari",
    "note": "Many other non-branded and hybrid shalu available in 30 Kg & 50 Kg",
    "packing": "30 Kg",
    "toggleClass": false,
    "subItem": [{
      "title": "Shalu",
      "toggleClass": false,
      "subItem": [{
        "title": "A One"
      },{
        "title": "Blue Bird"
      },{
        "title": "Champion"
      },{
        "title": "Chavi"
      },{
        "title": "Dhanlaxmi"
      },{
        "title": "Five Star"
      },{
        "title": "Gulab"
      },{
        "title": "Green Ganesh"
      },{
        "title": "Gruhlaxmi"
      },{
        "title": "Kesar Pista"
      },{
        "title": "Mahalaxmi"
      },{
        "title": "Manikmoti"
      },{
        "title": "Moti Gold"
      },{
        "title": "RT ( Packing : 50KG )"
      },{
        "title": "Siddhi Ganesh"
      },{
        "title": "Tulsi ( 30KG & 50KG )"
      }]
    },{
      "title": "Hybrid / Vasant / Nandyal",
      "toggleClass": false,
      "subItem": [{
        "title": "Annapurna ( Packing : 50KG )"
      },{
        "title": "Bullet ( Packing : 50KG )"
      },{
        "title": "Dairy Milk ( Packing : 25KG )"
      },{
        "title": "Deepak"
      },{
        "title": "Diamond ( Packing : 50KG )"
      },{
        "title": "Green Apple"
      },{
        "title": "Kalash ( Packing : 50KG )"
      },{
        "title": "Kamal"
      },{
        "title": "Kisan ( Packing : 50KG )"
      },{
        "title": "Kohinoor"
      },{
        "title": "Maharaja ( Packing : 25KG )"
      },{
        "title": "Mango ( Packing : 50KG )"
      },{
        "title": "Om Nandyal ( Packing : 50KG )"
      },{
        "title": "Rose ( Packing : 30KG )"
      },{
        "title": "Swastik"
      },{
        "title": "Three Mango ( Packing : 50KG )"
      }]
    }]
  },{
    "title": "Masoor Dal",
    "packing": "30 Kg",
    "toggleClass": false,
    "subItem": [{
      "title": "Dal Parivar"
    },{
      "title": "Deluxe"
    },{
      "title": "Double Hatti"
    },{
      "title": "ETC"
    },{
      "title": "KK"
    },{
      "title": "Ship"
    },{
      "title": "Single Dollar"
    },{
      "title": "3 Badshah"
    }]
  },{
    "title": "Moong Dal",
    "packing": "30 Kg",
    "toggleClass": false,
    "subItem": [{
      "title": "Almond"
    },{
      "title": "Arawali"
    },{
      "title": "Gold Crown"
    },{
      "title": "Lemon"
    },{
      "title": "Natural Green"
    },{
      "title": "Rajasthan No.1"
    },{
      "title": "RC"
    },{
      "title": "Sarvottam"
    },{
      "title": "Swadishta"
    }]
  },{
    "title": "Poha",
    "packing": "30 Kg",
    "toggleClass": false,
    "subItem": [{
      "title": "Bindass"
    },{
      "title": "BMW"
    },{
      "title": "Crown"
    },{
      "title": "DI"
    },{
      "title": "Kakaji"
    },{
      "title": "Gitanjali"
    },{
      "title": "Kalash"
    },{
      "title": "Krishna Gold"
    },{
      "title": "RT"
    },{
      "title": "Ship"
    },{
      "title": "Tajmahal"
    },{
      "title": "SafedGulab"
    },{
      "title": "Surya"
    }]
  },{
    "title": "Rice",
    "toggleClass": false,
    "subItem": [{
      "title": "Basmati",
      "toggleClass": false,
      "subItem": [{
        "title": "Steam",
        "toggleClass": false,
        "subItem": [{
          "title": "Silver ( Packing : 10KG )",
          "toggleClass": false,
          "subItem": [{
            "title": "Silver Diamond"
          },{
            "title": "Silver Gold"
          },{
            "title": "Silver Pearl"
          },{
            "title": "Silver Platinum"
          },{
            "title": "Silver Regular"
          },{
            "title": "Silver Star"
          }]
        },{
          "title": "Rizwan ( Packing : 10KG )",
          "toggleClass": false,
          "subItem": [{
            "title": "Rizwan Delight"
          },{
            "title": "Rizwan Everyday"
          },{
            "title": "Rizwan Mini Mogra"
          },{
            "title": "Rizwan Regular"
          }]
        },{
          "title": "Ruchi Bhog ( Packing : 10KG )",
          "toggleClass": false,
          "subItem": [{
            "title": "Ruchi Bhog Best"
          },{
            "title": "Ruchi Bhog Dubar"
          },{
            "title": "Ruchi Bhog Gold Biryani"
          },{
            "title": "Ruchi Bhog Hyderabadi"
          },{
            "title": "Ruchi Bhog Mughlai"
          },{
            "title": "Ruchi Bhog Super Mogra"
          },{
            "title": "Ruchi Bhog Tini"
          }]
        },{
          "title": "Shahabzada ( Packing : 10KG )",
          "toggleClass": false,
          "subItem": [{
            "title": "Shahabzada Dubar"
          },{
            "title": "Shahabzada Mini Dubar"
          },{
            "title": "Shahabzada Premium"
          },{
            "title": "Shahabzada Special"
          },{
            "title": "Shahabzada Super Mogra"
          }]
        },{
          "title": "Al Abrar ( Packing : 10KG )",
          "toggleClass": false,
          "subItem": [{
            "title": "Al Abrar Tini"
          }]
        },{
          "title": "Grand India ( Packing : 20KG )"
        },{
          "title": "Khushiyon Ke Pal ( Packing : 20KG )"
        },{
          "title": "Swagat Super ( Packing : 20KG )"
        },{
          "title": "Taarif ( Packing : 40KG )"
        },{
          "title": "Badhai Basmati ( Packing : 25KG )"
        }]
      },{
        "title": "Non Steam",
        "toggleClass": false,
        "subItem": [{
          "title": "Daawat (Old & New) ( Packing : 10KG )",
          "toggleClass": false,
          "note1": "Note - Old Rice: Plastic Bag, New Rice: Cloth Bag",
          "subItem": [{
            "title": "Daawat 40 Carat ( NIKI )"
          },{
            "title": "Daawat 50 Carat ( TINI )"
          },{
            "title": "Daawat 60 Carat ( MINI )"
          },{
            "title": "Daawat 70 Carat ( GINI )"
          },{
            "title": "Daawat 90 Carat (Daawat Super)"
          },{
            "title": "Daawat Super Box"
          }]
        },{
          "title": "Chamak ( Packing : 10KG )",
          "toggleClass": false,
          "subItem": [{
            "title": "Chamak 25 Carat"
          },{
            "title": "Chamak 40 Carat"
          },{
            "title": "Chamak 50 Carat"
          },{
            "title": "Chamak 75 Carat"
          }]
        },{
          "title": "Keshav ( Packing : 10KG )",
          "toggleClass": false,
          "subItem": [{
            "title": "Keshav 40 Carat"
          },{
            "title": "Keshav 60 Carat"
          },{
            "title": "Keshav 70 Carat"
          },{
            "title": "Keshav 80 Carat"
          }]
        },{
          "title": "Boat ( Packing : 10KG )",
          "toggleClass": false,
          "subItem": [{
            "title": "Boat Daily"
          },{
            "title": "Boat Economy"
          },{
            "title": "Boat Everyday"
          },{
            "title": "Boat lite"
          },{
            "title": "Boat Supreme"
          }]
        },{
          "title": "Red Rose ( Packing : 10KG )",
          "toggleClass": false,
          "subItem": [{
            "title": "Red Rose Delight"
          },{
            "title": "Red Rose Dubar"
          },{
            "title": "Red Rose Grade No.3"
          },{
            "title": "Red Rose Mogra"
          },{
            "title": "Red Rose Royal"
          },{
            "title": "Red Rose Rozana"
          }]
        },{
          "title": "Hatti ( Packing : 10KG )",
          "toggleClass": false,
          "subItem": [{
            "title": "Hatti Broken"
          },{
            "title": "Hatti Mini Dubar"
          },{
            "title": "Hatti Mogra"
          }]
        },{
          "title": "Masala Bhat ( Mini Mogra ) ( Packing : 10KG )"
        }]
      }]
    },{
      "title": "Steam",
      "toggleClass": false,
      "subItem": [{
        "title": "Akkha ( Packing : 25KG )",
        "toggleClass": false,
        "subItem": [{
          "title": "Audi Steam"
        },{
          "title": "Bawarchi Steam"
        },{
          "title": "Gemine Lamination"
        },{
          "title": "Gemine Steam ( White Bag )"
        },{
          "title": "Gemine Steam ( Yellow Bag )"
        },{
          "title": "Lucky Gold Steam"
        },{
          "title": "Jaguar Steam"
        },{
          "title": "Magic Steam"
        },{
          "title": "Maharaja Steam"
        },{
          "title": "Manpasand Steam"
        },{
          "title": "Mother Gold Steam"
        },{
          "title": "Mubarak Steam"
        },{
          "title": "Namokar Steam"
        },{
          "title": "Orange Steam"
        },{
          "title": "Pruthviraj Steam"
        },{
          "title": "Rajmoti Steam"
        },{
          "title": "Star Hirva ( Sona Masoori )"
        },{
          "title": "Star Neela ( Sona Masoori )"
        },{
          "title": "Star Jeera"
        },{
          "title": "Srimathi Steam"
        },{
          "title": "Shubham India Steam"
        },{
          "title": "Zara Steam"
        },{
          "title": "1 + Steam"
        },{
          "title": "5 Star Steam"
        },{
          "title": "5 Steam"
        },{
          "title": "7 Star"
        }]
      },{
        "title": "Tukda ( Kani ) ( Packing : 25KG )",
        "toggleClass": false,
        "subItem": [{
          "title": "Half Steam Kani"
        },{
          "title": "Joker Kani"
        },{
          "title": "Kalash Steam"
        },{
          "title": "Kalbhairav Steam Kani"
        },{
          "title": "Kitty Bites"
        },{
          "title": "Murlidhar Kani"
        },{
          "title": "Pari Kani"
        },{
          "title": "Rani Kani"
        },{
          "title": "SS Gold Kani"
        },{
          "title": "Trupti Steam Kani"
        },{
          "title": "5 Brand Kani"
        }]
      },{
        "title": "3/4th Steam ( Packing : 25KG )",
        "toggleClass": false,
        "subItem": [{
          "title": "Jyoti ¾"
        },{
          "title": "Star ¾"
        }]
      }]
    },{
      "title": "Non Steam ( Raw Rice ) ( Packing : 25KG )",
      "toggleClass": false,
      "subItem": [{
        "title": "Aishwarya Tibar"
      },{
        "title": "Bajaj Silver"
      },{
        "title": "Bajaj Sona"
      },{
        "title": "Bhagwa Kamal"
      },{
        "title": "Blackberry"
      },{
        "title": "Cherry (30KG)"
      },{
        "title": "Kali Mooch (30KG)"
      },{
        "title": "Neela Kamal"
      },{
        "title": "Saarthi"
      },{
        "title": "Yashraj"
      },{
        "title": "7 Star (30KG)"
      }]
    },{
      "title": "Karjat ( Packing : 25KG )",
      "toggleClass": false,
      "subItem": [{
        "title": "Haran Karjat"
      },{
        "title": "Kissan Karjat"
      },{
        "title": "Swastik Karjat"
      }]
    },{
      "title": "Kolam Rice",
      "toggleClass": false,
      "subItem": [{
        "title": "Steam Kolam ( Packing : 25KG )",
        "toggleClass": false,
        "subItem": [{
          "title": "Bullet"
        },{
          "title": "Bhivate"
        },{
          "title": "Chand Tara"
        },{
          "title": "Daawat"
        },{
          "title": "Joker"
        },{
          "title": "JSR ( Jai Shree Ram )"
        },{
          "title": "KB"
        },{
          "title": "Kubera"
        },{
          "title": "Mother"
        },{
          "title": "Qurbani"
        },{
          "title": "Singham"
        },{
          "title": "Siddhi"
        },{
          "title": "Sultan"
        },{
          "title": "Supreme"
        },{
          "title": "Ulta Chashma"
        },{
          "title": "555"
        }]
      },{
        "title": "Non Steam Kolam",
        "toggleClass": false,
        "subItem": [{
          "title": "Akkha ( Packing : 25KG )",
          "toggleClass": false,
          "subItem": [{
            "title": "Aishwarya Kolam ( Old & New )"
          },{
            "title": "Chetak Kolam ( Old & New )"
          },{
            "title": "Royal Chetak Kolam ( Packing : 10KG )"
          },{
            "title": "Shahi Chetak Kolam"
          },{
            "title": "Shreeram Kolam ( Old & New ) ( Packing : 30KG )"
          },{
            "title": "Tulsi Gold Kolam"
          }]
        },{
          "title": "Tukda ( Packing : 25KG )",
          "toggleClass": false,
          "subItem": [{
            "title": "Barkath"
          },{
            "title": "Bullet"
          },{
            "title": "Chetak Kolam Tukda"
          },{
            "title": "Cherry Tukda ( Packing : 30KG )"
          }]
        }]
      }]
    },{
      "title": "Parboiled Rice ( Ukda ) ( Packing : 25KG )",
      "toggleClass": false,
      "subItem": [{
        "title": "Deepam"
      }]
    },{
      "title": "Pana Rice ( Packing : 25KG )",
      "toggleClass": false,
      "subItem": [{
        "title": "Apple Pana"
      },{
        "title": "Bawarchi Indrayani Pana"
      },{
        "title": "Bawarchi Pana"
      },{
        "title": "Cycle Pana"
      },{
        "title": "Diamond Pana"
      },{
        "title": "Maharaja Pana"
      },{
        "title": "Mayur Pana"
      },{
        "title": "Nawab Pana"
      },{
        "title": "Ooty Pana"
      },{
        "title": "Star Pana"
      }]
    },{
      "title": "Indrayani Rice",
      "toggleClass": false,
      "subItem": [{
        "title": "Akkha ( Packing : 25KG )",
        "toggleClass": false,
        "subItem": [{
          "title": "Ajara Indrayani"
        },{
          "title": "Bhivate Indrayani"
        },{
          "title": "Hero Indrayani"
        },{
          "title": "Jay Malhar Indrayani"
        },{
          "title": "Om Indrayani ( Packing : 30KG )"
        },{
          "title": "RC Indrayani ( Packing : 30KG )"
        },{
          "title": "Sarvoday Indrayani"
        },{
          "title": "Shetkari Indrayani"
        }]
      },{
        "title": "Tukda ( Kani ) ( Packing : 25KG )",
        "toggleClass": false,
        "subItem": [{
          "title": "Ajara Indrayani Dubar"
        },{
          "title": "Ajara Indrayani Kani"
        },{
          "title": "Bhivate Indrayani Kani"
        },{
          "title": "Lotus Indrayani Kani ( Packing : 30KG )"
        },{
          "title": "Jay Malhar Indrayani Dubar"
        },{
          "title": "Rajhans Indrayani Kani"
        }]
      }]
    },{
      "title": "Ambemore Rice",
      "toggleClass": false,
      "subItem": [{
        "title": "Akhand ( Packing : 25KG & 10KG )",
        "toggleClass": false,
        "subItem": [{
          "title": "Bal Gopal Ambemore"
        },{
          "title": "Gopal Ambemore"
        },{
          "title": "Mast Mogra Ambemore"
        },{
          "title": "Triveni Ambemore ( Packing : 25KG )"
        }]
      },{
        "title": "Tukda",
        "toggleClass": false,
        "subItem": [{
          "title": "Ambemore Kani"
        }]
      }]
    },{
      "title": "Ghansal ( Packing : 25KG )"
    },{
      "title": "Masoori ( Packing : 25KG )",
      "toggleClass": false,
      "subItem": [{
        "title": "Bawarchi Masoori"
      },{
        "title": "Hatti Masoori"
      },{
        "title": "Kalash Masoori"
      },{
        "title": "Mango Masoori"
      },{
        "title": "Red Chilly Masoori"
      },{
        "title": "Swastik Masoori"
      }]
    },{
      "title": "Sela Rice ( Packing : 25KG )",
      "toggleClass": false,
      "subItem": [{
        "title": "Biryani King Sela"
      },{
        "title": "Hatti Sela"
      },{
        "title": "Signature"
      }]
    },{
      "title": "Ratnagiri ( Packing : 30KG )",
      "toggleClass": false,
      "subItem": [{
        "title": "Kalash Ratnagiri"
      }]
    }]
  },{
    "title": "Toor dal",
    "packing": "30 Kg",
    "toggleClass": false,
    "subItem": [{
      "title": "5G"
    },{
      "title": "Dolphin"
    },{
      "title": "Everyday"
    },{
      "title": "Good Morning"
    },{
      "title": "Moti Gold"
    },{
      "title": "Orange"
    },{
      "title": "Star Gold"
    },{
      "title": "Surabhi"
    },{
      "title": "Tractor"
    }]
  },{
    "title": "Wheat",
    "packing": "30 Kg",
    "toggleClass": false,
    "subItem": [{
      "title": "Bansi",
      "toggleClass": false,
      "subItem": [{
        "title": "Alishan"
      },{
        "title": "Amul"
      },{
        "title": "Bahubali"
      },{
        "title": "Blackberry"
      },{
        "title": "Blue Star"
      },{
        "title": "Bullet"
      },{
        "title": "Chakra"
      },{
        "title": "Charlie"
      },{
        "title": "Charlie Champion"
      },{
        "title": "Cooking Delight"
      },{
        "title": "DilKaRishta"
      },{
        "title": "Fruti"
      },{
        "title": "Ganesh"
      },{
        "title": "Green Apple"
      },{
        "title": "Gulal"
      },{
        "title": "IPL"
      },{
        "title": "Kesar"
      },{
        "title": "Khushbu Khajana"
      },{
        "title": "Kitchen Delight"
      },{
        "title": "King"
      },{
        "title": "Kohinoor"
      },{
        "title": "Mahalaxmi"
      },{
        "title": "Moraya"
      },{
        "title": "Nakshtra"
      },{
        "title": "NamoNamo"
      },{
        "title": "Nice"
      },{
        "title": "No.1"
      },{
        "title": "Olympic"
      },{
        "title": "Olympic Bhari"
      },{
        "title": "Rajbhog"
      },{
        "title": "Radhika"
      },{
        "title": "Rajat Gold"
      },{
        "title": "Ratnadeep"
      },{
        "title": "Sixer"
      },{
        "title": "Sun"
      },{
        "title": "Smart Choice"
      },{
        "title": "Swarna Mayur"
      },{
        "title": "Siya Gold"
      },{
        "title": "Surabhi Gold"
      },{
        "title": "SS"
      },{
        "title": "Virat"
      },{
        "title": "Yuvraj"
      },{
        "title": "24 Carat"
      }]
    },{
      "title": "Sihori",
      "toggleClass": false,
      "subItem": [{
        "title": "Akhand Diya"
      },{
        "title": "Jaora Champion"
      },{
        "title": "Patrani"
      },{
        "title": "Rajat Diamond"
      },{
        "title": "Titan"
      }]
    }]
  },{
    "title": "Wheat Atta",
    "packing": "30 Kg ( Packing : 10Kg * 3 & 5Kg * 6 )",
    "toggleClass": false,
    "subItem": [{
      "title": "Bigul"
    },{
      "title": "Indore Gold ( 10Kg * 3 )"
    },{
      "title": "Jagruti"
    },{
      "title": "Maharaja"
    },{
      "title": "MP Gold"
    },{
      "title": "MP No.1 ( 5Kg * 6 )"
    },{
      "title": "Ruchi"
    },{
      "title": "SS"
    },{
      "title": "Swastik"
    }]
  }],
  "itemClassification": [{
    "title": "Bajari",
    "toggleClass": false,
    "subItem": [{
      "title": "Gujarat"
    },{
      "title": "Karnataka"
    }]
  },{
    "title": "Chanadal",
    "toggleClass": false,
    "subItem": [{
      "title": "Rajwadi"
    }]
  },{
    "title": "Jwari",
    "toggleClass": false,
    "subItem": [{
      "title": "Shalu",
      "toggleClass": false
    },{
      "title": "Hybrid / Vasant / Nandyal",
      "toggleClass": false
    }]
  },{
    "title": "Rice",
    "toggleClass": false,
    "subItem": [{
      "title": "Basmati",
      "toggleClass": false,
      "subItem": [{
        "title": "Steam"
      },{
        "title": "Non Steam"
      }]
    },{
      "title": "Steam",
      "toggleClass": false,
      "subItem": [{
        "title": "Akkha"
      },{
        "title": "Tukda ( Kani )"
      }]
    },{
      "title": "Kolam Rice",
      "toggleClass": false,
      "subItem": [{
        "title": "Steam Kolam"
      },{
        "title": "Non Steam Kolam",
        "toggleClass": false,
        "subItem": [{
          "title": "Akkha"
        },{
          "title": "Tukda"
        }]
      }]
    },{
      "title": "Parboiled Rice ( Ukda )"
    },{
      "title": "Pana Rice"
    },{
      "title": "Ambemore Rice",
      "toggleClass": false,
      "subItem": [{
        "title": "Akhand"
      },{
        "title": "Tukda"
      }]
    },{
      "title": "Ghansal"
    },{
      "title": "Sela Rice"
    },{
      "title": "Masoorie"
    },{
      "title": "Indrayani Rice",
      "toggleClass": false,
      "subItem": [{
        "title": "Akhand"
      },{
        "title": "Tukda"
      }]
    }]
  },{
    "title": "Toor Dal",
    "toggleClass": false,
    "subItem": [{
      "title": "President"
    }]
  },{
    "title": "Wheat",
    "toggleClass": false,
    "subItem": [{
      "title": "Bansi / Lokwan",
      "toggleClass": false
    },{
      "title": "Sihori",
      "toggleClass": false
    }]
  }],
  "foooter": "myGroup Corporation"
}
